하이,
18년,
18놈,
18새끼,
ㄱㅐㅅㅐㄲl,
ㄱㅐㅈㅏ,
가슴만져,
가슴빨아,
가슴빨어,
가슴조물락,
가슴주물럭,
가슴쪼물딱,
가슴쪼물락,
가슴핧아,
가슴핧어,
강간,
개가튼년,
개가튼뇬,
개같은년,
개걸레,
개고치,
개너미,
개넘,
개년,
개놈,
개늠,
개똥,
개떵,
개떡,
개라슥,
개보지,
개부달,
개부랄,
개불랄,
개붕알,
개새,
개세,
개쓰래기,
개쓰레기,
개씁년,
개씁블,
개씁자지,
개씨발,
개씨블,
개자식,
개자지,
개잡년,
개젓가튼넘,
개좆,
개지랄,
개후라년,
개후라들놈,
개후라새끼,
걔잡년,
거시기,
걸래년,
걸레같은년,
걸레년,
걸레핀년,
게부럴,
게세끼,
게이,
게새끼,
게늠,
게자식,
게지랄놈,
고환,
공지,
공지사항,
귀두,
깨쌔끼,
난자마셔,
난자먹어,
난자핧아,
내꺼빨아,
내꺼핧아,
내버지,
내자지,
내잠지,
내조지,
너거애비,
노옴,
누나강간,
니기미,
니뿡,
니뽕,
니씨브랄,
니아범,
니아비,
니애미,
니애뷔,
니애비,
니할애비,
닝기미,
닌기미,
니미,
닳은년,
덜은새끼,
돈새끼,
돌으년,
돌은넘,
돌은새끼,
동생강간,
동성애자,
딸딸이,
똥구녁,
똥꾸뇽,
똥구뇽,
똥,
띠발뇬,
띠팔,
띠펄,
띠풀,
띠벌,
띠벨,
띠빌,
마스터,
막간년,
막대쑤셔줘,
막대핧아줘,
맛간년,
맛없는년,
맛이간년,
멜리스,
미친구녕,
미친구멍,
미친넘,
미친년,
미친놈,
미친눔,
미친새끼,
미친쇄리,
미친쇠리,
미친쉐이,
미친씨부랄,
미튄,
미티넘,
미틴,
미틴넘,
미틴년,
미틴놈,
미틴것,
백보지,
버따리자지,
버지구녕,
버지구멍,
버지냄새,
버지따먹기,
버지뚫어,
버지뜨더,
버지물마셔,
버지벌려,
버지벌료,
버지빨아,
버지빨어,
버지썰어,
버지쑤셔,
버지털,
버지핧아,
버짓물,
버짓물마셔,
벌창같은년,
벵신,
병닥,
병딱,
병신,
보쥐,
보지,
보지핧어,
보짓물,
보짓물마셔,
봉알,
부랄,
불알,
붕알,
붜지,
뷩딱,
븅쉰,
븅신,
빙띤,
빙신,
빠가십새,
빠가씹새,
빠구리,
빠굴이,
뻑큐,
뽕알,
뽀지,
뼝신,
사까시,
상년,
새꺄,
새뀌,
새끼,
색갸,
색끼,
색스,
색키,
샤발,
서버,
써글,
써글년,
성교,
성폭행,
세꺄,
세끼,
섹스,
섹스하자,
섹스해,
섹쓰,
섹히,
수셔,
쑤셔,
쉐끼,
쉑갸,
쉑쓰,
쉬발,
쉬방,
쉬밸년,
쉬벌,
쉬불,
쉬붕,
쉬빨,
쉬이발,
쉬이방,
쉬이벌,
쉬이불,
쉬이붕,
쉬이빨,
쉬이팔,
쉬이펄,
쉬이풀,
쉬팔,
쉬펄,
쉬풀,
쉽쌔,
시댕이,
시발,
시발년,
시발놈,
시발새끼,
시방새,
시밸,
시벌,
시불,
시붕,
시이발,
시이벌,
시이불,
시이붕,
시이팔,
시이펄,
시이풀,
시팍새끼,
시팔,
시팔넘,
시팔년,
시팔놈,
시팔새끼,
시펄,
실프,
십8,
십때끼,
십떼끼,
십버지,
십부랄,
십부럴,
십새,
십세이,
십셰리,
십쉐,
십자석,
십자슥,
십지랄,
십창녀,
십창,
십탱,
십탱구리,
십탱굴이,
십팔새끼,
ㅆㅂ,
ㅆㅂㄹㅁ,
ㅆㅂㄻ,
ㅆㅣ,
쌍넘,
쌍년,
쌍놈,
쌍눔,
쌍보지,
쌔끼,
쌔리,
쌕스,
쌕쓰,
썅년,
썅놈,
썅뇬,
썅늠,
쓉새,
쓰바새끼,
쓰브랄쉽세,
씌발,
씌팔,
씨가랭넘,
씨가랭년,
씨가랭놈,
씨발,
씨1발,
씨발년,
씨발롬,
씨발병신,
씨방새,
씨방세,
씨밸,
씨뱅가리,
씨벌,
씨벌년,
씨벌쉐이,
씨부랄,
씨부럴,
씨불,
씨불알,
씨붕,
씨브럴,
씨블,
씨블년,
씨븡새끼,
씨빨,
씨이발,
씨이벌,
씨이불,
씨이붕,
씨이팔,
씨파넘,
씨팍새끼,
씨팍세끼,
씨팔,
씨펄,
씨퐁넘,
씨퐁뇬,
씨퐁보지,
씨퐁자지,
씹년,
씹물,
씹미랄,
씹버지,
씹보지,
씹부랄,
씹브랄,
씹빵구,
씹뽀지,
씹새,
씹새끼,
씹세,
씹쌔끼,
씹자석,
씹자슥,
씹자지,
씹지랄,
씹창,
씹창녀,
씹탱,
씹탱굴이,
씹탱이,
씹팔,
아가리,
애무,
애미,
애미랄,
애미보지,
애미씨뱅,
애미자지,
애미잡년,
애미좃물,
애비,
애자,
양아치,
어미강간,
어미따먹자,
어미쑤시자,
영자,
엄창,
에미,
에비,
엔플레버,
엠플레버,
염병,
염병할,
염뵹,
엿먹어라,
오랄,
오르가즘,
왕버지,
왕자지,
왕잠지,
왕털버지,
왕털보지,
왕털자지,
왕털잠지,
우미쑤셔,
운디네,
운영자,
유두,
유두빨어,
유두핧어,
유방,
유방만져,
유방빨아,
유방주물럭,
유방쪼물딱,
유방쪼물럭,
유방핧아,
유방핧어,
육갑,
이그니스,
이년,
이프리트,
자기핧아,
자지,
자지구녕,
자지구멍,
자지꽂아,
자지넣자,
자지뜨더,
자지뜯어,
자지박어,
자지빨아,
자지빨아줘,
자지빨어,
자지쑤셔,
자지쓰레기,
자지정개,
자지짤라,
자지털,
자지핧아,
자지핧아줘,
자지핧어,
작은보지,
잠지,
잠지뚫어,
잠지물마셔,
잠지털,
잠짓물마셔,
잡년,
잡놈,
저년,
점물,
젓가튼,
젓가튼쉐이,
젓같내,
젓같은,
젓까,
젓나,
젓냄새,
젓대가리,
젓떠,
젓마무리,
젓만이,
젓물,
젓물냄새,
젓밥,
정액마셔,
정액먹어,
정액발사,
정액짜,
정액핧아,
정자마셔,
정자먹어,
정자핧아,
젖같은,
젖까,
젖밥,
젖탱이,
조개넓은년,
조개따조,
조개마셔줘,
조개벌려조,
조개속물,
조개쑤셔줘,
조개핧아줘,
조까,
조또,
족같내,
족까,
족까내,
존나,
존나게,
존니,
졸라,
좀마니,
좀물,
좀쓰레기,
좁빠라라,
좃가튼뇬,
좃간년,
좃까,
좃까리,
좃깟네,
좃냄새,
좃넘,
좃대가리,
좃도,
좃또,
좃만아,
좃만이,
좃만한것,
좃만한쉐이,
좃물,
좃물냄새,
좃보지,
좃부랄,
좃빠구리,
좃빠네,
좃빠라라,
좃털,
좆같은놈,
좆같은새끼,
좆까,
좆까라,
좆나,
좆년,
좆도,
좆만아,
좆만한년,
좆만한놈,
좆만한새끼,
좆먹어,
좆물,
좆밥,
좆빨아,
좆새끼,
좆털,
좋만한것,
주글년,
주길년,
쥐랄,
지랄,
지랼,
지럴,
지뢀,
쪼까튼,
쪼다,
쪼다새끼,
찌랄,
찌질이,
창남,
창녀,
창녀버지,
창년,
처먹고,
처먹을,
쳐먹고,
쳐쑤셔박어,
촌씨브라리,
촌씨브랑이,
촌씨브랭이,
크리토리스,
큰보지,
클리토리스,
트랜스젠더,
페니스,
항문수셔,
항문쑤셔,
허덥,
허버리년,
허벌년,
허벌보지,
허벌자식,
허벌자지,
허접,
허젚,
허졉,
허좁,
헐렁보지,
혀로보지핧기,
호냥년,
호로,
호로새끼,
호로자슥,
호로자식,
호로짜식,
호루자슥,
호모,
호졉,
호좁,
후라덜넘,
후장,
후장꽂아,
후장뚫어,
흐접,
흐젚,
흐졉,
bitch,
fuck,
fuckyou,
nflavor,
penis,
pennis,
pussy,
sex,
갈보,
개뇬,
개삽년,
개새끼,
개세이,
개쉐이,
그룹섹스,
까자,
꼬추,
노브라,
니미랄,
니미럴,
니에미,
등신,
또라이,
레즈비언,
멜섹,
몰카,
문섹,
미친뇬,
번색,
번섹,
번쌕,
본디지,
부부교환,
빠굴,
빠꾸리,
빡우리,
빡울,
뽀르노,
새끈,
새끈남,
새끈녀,
색남,
색녀,
색폰,
성인만화,
성인물,
성인소설,
성인엽기,
성인영화,
성인용,
성인용품,
성인잡지,
섹,
섹  스,
섹 스,
섹녀,
스발,
스와핑,
시파,
십팔금,
쌔,
쌔깐,
쌔끈,
쌕폰,
썅,
썅넘,
쒸팔,
쒸펄,
쓰바,
씌팍,
씨바,
씨발넘,
씨발놈,
씨발뇬,
씨방,
씨버럴,
씨보랄,
씨보럴,
씨부리,
씨브랄,
씨파,
씨팍,
씹,
씹색,
씹세이,
씹쉐,
씹쉐이,
씹쌔,
씹쌔기,
씹탱구리,
씹펄,
씹할,
야동,
야사,
야설,
야캠,
야한,
야한동영상,
야한사이트,
야한사진,
에로,
와레즈,
원조,
원조교재,
원조교제,
음란,
자위,
정품게임,
젖꼭지,
젖탱,
젼나,
좃,
좃나,
좃나게,
좆,
좆같,
좆꼴리,
좆나게,
좆빠,
좇,
좇같,
좇꼴려,
좇꼴리,
좇빠,
지미랄,
체모,
캠색,
캠섹,
컴색,
컴섹,
팬티,
페티쉬,
포르노,
폰색,
폰섹,
폰쌕,
헨타이,
호빠,
호스테스바,
호스트바,
화상색,
화상섹,
자살,
음독,
청산가리,
청산가루,
"document.domain = ""naver.com",
function wordchk1(msg){,
,arrList = new Array();
캐쉬스파이더,
캐시스파이더,
목자르는동영상,
목자르는 동영상,
ogrish.com,
ogrish,
오그리시,
오그리쉬,
오그리쉬닷컴,
김선일동영상,
김선일 동영상,
참수,
beheading,
007섹스샵,
007섹스티브이,
007섹스티비,
009sex,
016섹스닷컴,
1004성인용품,
100boG,
100bozy,
10sextv,
10섹스티브이,
114성인용품,
18sex,
18sexTV,
18x,
21섹스넷,
24에로라이브,
25라이브섹스,
33sexymall,
365섹스웹,
365포르노,
365포르노테잎,
386섹시매거진,
3sextv,
4SEX,
4changamolca섹스코리아,
4kkasi,
588,
588show,
588섹스코리아,
588섹스코리아성인방송,
588섹스티비,
588포르노,
5sexshop,
69Time,
69XY성인디렉토리,
69n69성인몰,
69sex,
69timepornsex,
69섹스코리아,
69클럽TV,
섹스코리아,
ADULTMANA,
AVmolca,
AV갤러리,
AV재팬,
AdultSearch,
AdultSexshop,
Adulthumor,
Adultzone,
Bojyty,
Bozicam,
GO588TV,
GO섹시클럽,
HOTWEB,
HOTZONE,
HardcorePorno,
IJSEX,
IJ라이브,
IJ생방송,
IJ에로쇼,
IJ특별코너,
KRTV,
Korea포르노,
MANABOZI,
MolcaPornoTV,
MolcaTV,
Molcanara,
Molcaparty,
Molca테이프,
Molca포르노섹스코리아,
Molca포르노소라가이드,
Molka섹스코리아,
Molka코리아섹스,
Mulyosex,
NEVER-SEX,
OIO성인용품,
OK성인용품,
OK섹스SHOW,
PJ,
PORNOBOZI,
PORNO애니,
PleyboG,
Pleyboy,
Porno바다,
SEXBBS,
SEXEROS,
SEXJAPAN,
SEXMOLCA,
SEXPDS,
SEXWAREZ,
SEXYMAP,
SEXYX,
SEXY화상채팅,
SEX로리타,
SEX섹스코리아,
SOSSEX,
SexGoods,
SexPorno,
Sexpia,
Sexwal,
Sexyadong,
TV플레이보이,
X등급,
YASATV,
Yahanbozi,
adult,
adultlife,
adultvideo,
adultzon,
av섹스코리아,
awoodong,
backbojytv,
bbagury,
bestbozi,
binya,
byuntaesex,
carporno,
carsex,
clubero,
condom,
cosex,
cosex.net,
damoimsex,
enterchannel,
ero2030,
ero69,
eroasia,
erocine,
erosasia,
erosian,
erostyle,
fetish,
fetish7,
fetishwoman,
gabozi,
gagasexy,
goadult,
gocinepia,
gojasex,
hidden-korea,
hiddencam,
hotbojy,
hotsex,
hotsexkorea,
ilovesex,
joungyang,
jungyang,
kgirlmolca,
kingsex,
ksex,
ksex.net,
kukikorea,
live10tv,
molca,
molca365,
molca588,
molcaCD,
molcaav,
molcasex,
molcasexnipon,
molca섹스,
molca섹스코리아,
molca포르노,
mrcondom,
new소라가이드,
noode,
nopants,
nudcouple,
nude,
nudlnude,
oiotv,
olotv섹스nipon,
oralsextv,
playboy,
porno,
porno-tape,
pornomana,
pornoplayboy,
pornsex,
runsex,
sex-sayclub,
sex123,
sex18,
sex1818,
sex4969,
sexTV,
sexboard,
sexbuin,
sexcorea,
sexhangame,
sexjj,
sexkorea,
"sexkorea,net",
sexkorea.com,
sexkorea.net,
sexkorea21,
sexkoreasexkorea,
sexmaxx,
sexmolka,
sexmovie,
sexmusa,
sexnipon,
sexsexy,
sexwal.com,
sexwall,
sexwall.com,
sexxmolcatv,
sexy,
sexyclik,
sexyjapan,
sexynmall,
sexysoul,
sora'sguide,
soraguide,
sorasguide,
sorasguide.com,
sunginsite,
togoero,
tvbozi,
tv섹스코리아,
twistkim,
twistkim.com,
videokiller,
vip24,
viva포르노,
warez섹스,
whoissex,
wonjosex,
worldsex,
www.porno-tape.com,
www.sex123.co.kr,
www.sexkorea.net,
www.sexwal.com,
www.sorasguide.com,
www.twistkim.com,
xxx,
yadong,
yadongclub,
yadongmolca,
yadong섹스코리아,
yagood,
yahanbamtv,
yahannom,
yasine,
yesmolca,
yessex,
youngsex,
zotte,
zungyang,
쎅스,
쎅스코리아,
쎅시넷,
쎅콜닷컴,
쎅클럽,
가가가가섹스샵,
가가가섹스WAREZ,
가가성인섹스샵,
가가성인용품,
가가성인용품샵,
가가섹스,
가가섹스포르노,
가가섹스하러다가라,
가고파성인용품,
가나성인용품전문쇼핑몰,
가람섹스성인용품,
가마성인쇼핑몰,
가면성인용품쇼핑몰,
가보자성인용품,
가시나무성인용품,
가이드성인쇼핑몰,
가이드섹스,
가인코리아성인용품,
가자Molca섹스코리아,
가자러브샵,
가자미아리,
가자성인용품,
가자섹스,
가자섹스몰,
가자섹스자료실,
가자섹스코리아,
가정섹스전문점,
가지와오이성인용품,
가지와오이섹스샵,
강남카페섹스비디오테이프,
강쇠닷컴,
강한성인영화,
걸섹스코리아갤러리,
경고섹스포르노,
경마장가는길성인용품,
경아닷컴,
고69섹슈얼,
고공섹스,
고려섹시인포디렉토리,
고섹스588,
고섹스PORNO,
고에로TV,
고우섹스,
고우섹스성인용품점,
고자섹스,
고추짱,
고투에로,
고패티쉬,
고혈압야동,
공짜만화,
과부촌,
국제성인마트,
굿걸TV,
굿나잇TV,
굿나잇티브이,
굿섹스클럽,
근친상간,
글래머샵,
김마담성인쇼핑몰,
꼬추닷컴,
나고야섹스미드머니,
나나성인용품,
나우누리어른만화방,
나이스69,
나이스성인샵,
나조아성인몰,
나체,
남녀섹시속옷,
남녀자위기구,
남성단련용품,
남성자위기구,
네버섹스,
네비로스섹스샵,
노노티브이,
노브라TV,
노팬티브이,
논스톱러브성인유머,
누나몰카,
누두,
누드,
누드112,
누드119,
누드25시,
누드molcaTV,
누드갤러리,
누드다이어리,
누드모델,
누드모아,
누드몰카TV,
누드뮤직,
누드사진,
누드섹스,
누드쇼,
누드스케치,
누드집,
누드천사,
누드커플,
누드코리아,
누드클럽,
누드필름,
누드화보,
누들누드,
뉴스트립,
다보자성인영화관,
다음섹스,
다이섹스,
대박성인토탈몰,
더티섹스,
도쿄섹스,
도쿄섹스nipon,
동양최고성고전,
두두섹스,
뒷치기,
드림페티쉬,
등급보류성인영화관,
디지털섹스조선,
떡걸,
떡치기,
라노비아섹스샵,
라이브10TV,
라이브스트립,
러브박사성인용품,
러브베드,
러브섹시클럽,
러브장,
러브젤,
러브하자성인용품,
러브호텔,
럭키성인몰,
레드섹스tv,
레이싱걸,
로리타,
로리타.,
롤리타,
류미오,
리얼섹스플레이,
리얼에로,
마나보지,
마니아섹스,
만화보지,
망가,
망가짱,
모노섹스,
모두모아성인용품,
모모TV,
몰래보기,
몰래카메라,
몰래캠코더,
몰카365,
몰카588,
몰카tv,
무료망가,
무료몰카,
무료성인,
무료성인동영상,
무료성인만화,
무료성인방송,
무료성인사이트,
무료성인싸이트,
무료성인엽기,
무료성인영화,
무료성인정보,
무료섹스,
무료섹스동영상,
무료섹스사이트,
무료야동,
무료야설,
무료포르노,
무료포르노동영상,
무료헨타이,
무전망가,
미국뽀르노,
미국포르노,
미니스커트,
미란다성인섹스샵,
미소걸성인용품,
미소녀,
미소녀게임,
미소녀섹스가이드,
미스누드,
미스터콘돔,
미스토픽닷컴,
미스토픽성인용품점,
미시촌,
미쎄스터,
미아리,
미아리2000,
미아리588,
미아리tv,
미아리섹스하리,
미아리쇼,
미아리텍사스,
바나나TV,
바나나티비,
바이엔에로,
밝은세상성인용품,
벗기는고스톱,
베스트성인용품,
베이비아웃성인용품,
변태,
보스성인클럽,
보조기구,
보지나라,
보지마TV,
보지보지,
보지털,
부부나라,
부부섹스,
비너스성인용품,
빈야,
빈야성인,
빈야성인와레즈,
빨간티브이섹스,
삐리넷,
사라성인용품점,
사랑의침실테크닉,
사이버섹스,
사창가,
색스코리아,
샴푸의성인정보,
서양동영상,
서양뽀르노,
성게시판,
성고민상담,
성과섹스,
//성기,
성보조기구,
성상담,
성인,
성인18번지,
성인25시,
성인CD,
성인IJ,
성인갤러리,
성인게시판,
성인게임,
성인그리고섹스,
성인극장,
성인나라,
성인놀이문화,
성인누드,
성인뉴스,
성인대화,
성인대화방,
성인동영상,
성인드라마,
성인만화나라,
성인만화천국,
성인망가,
성인무료,
성인무료동영상,
성인무료사이트,
성인무료영화,
성인무비,
성인미스랭크,
성인미팅방,
성인방송,
성인방송국,
성인방송안내,
성인배우,
성인별곡,
성인비됴,
성인비디오,
성인사이트,
성인사이트소개,
성인사진,
성인상품,
성인생방송,
성인샵,
성인서적,
성인성교육스쿨,
성인섹스민국,
성인섹스코리아,
성인소녀경,
성인소라가이드,
성인쇼,
성인쇼핑,
성인쇼핑몰,
성인시트콤,
성인싸이트,
성인애니,
성인애니메이션,
성인야설,
성인야화,
성인에로무비,
성인에로영화,
성인엽기damoim,
성인영상,
성인영화관,
성인영화나라,
성인영화방,
성인영화세상,
성인영화천국,
성인와레즈,
성인용CD,
성인용품도매센터,
성인용품에로존,
성인용품할인매장,
성인유머,
성인이미지,
성인인증&x=23,
성인인터넷방송,
성인일본,
성인자료,
성인자료실,
성인전용,
성인전용관,
성인전용정보,
성인정보,
성인채팅,
성인챗,
성인천국,
성인체위,
성인카툰,
성인컨텐츠,
성인클럽,
성인플래쉬,
성인플래시,
성인화상,
성인화상채팅,
성일플래쉬,
성잉영화,
성체위,
성클리닉,
성테크닉,
성행위,
세븐누드닷컴,
세븐섹시,
세희야동,
섹걸,
섹걸닷컴,
섹골닷컴,
섹마,
섹쉬,
섹쉬뱅크,
섹쉬썸머타임,
섹쉬엽기,
섹스19,
섹스25시,
섹스2TV,
섹스588섹스,
섹스6mm,
섹스700,
섹스89,
섹스DC,
섹스Koreana,
섹스Molca섹스코리아,
섹스SHOW,
섹스TV,
섹스and포르노,
섹스damoim,
섹스daum,
섹스molca,
섹스molcaTV,
섹스molca코리아,
섹스molca코리아TV,
섹스molca포르노,
섹스molka,
섹스sayclub,
섹스warez,
섹스yadong,
섹스가이드,
섹스갤러리,
섹스게시판,
섹스고고,
섹스굿,
섹스나라,
섹스나라69,
섹스노예,
섹스다음,
섹스다크,
섹스닷컴,
섹스데이타100,
섹스도우미,
섹스동,
섹스동영상,
섹스드라마,
섹스라이브,
섹스라이브TV,
섹스로봇,
섹스리아,
섹스리얼,
섹스링크,
섹스마스터,
섹스만화,
섹스매거진,
섹스모델,
섹스모아TV,
섹스몰,
섹스몰카,
섹스무비,
섹스무사,
섹스뮤직,
섹스믹스,
섹스바부제펜,
섹스벨리,
섹스보드,
섹스보조기구,
섹스보조용품,
섹스부인,
섹스브라,
섹스비디오,
섹스비안,
섹스사랑,
섹스사이트,
섹스사진,
섹스살롱,
섹스샘플,
섹스샵,
섹스샵2080,
섹스샵21,
섹스서치,
섹스선데이,
섹스성인만화,
섹스셀카,
섹스소나타,
섹스소라가이드,
섹스소리,
섹스시네,
섹스심리,
섹스씬,
섹스아이디,
섹스알리바바,
섹스애니마나,
섹스앤샵,
섹스야다이즈,
섹스야동,
섹스야시네,
섹스야호,
섹스에니메이션,
섹스에로,
섹스에로스TV,
섹스에로시안,
섹스엔바이,
섹스엔샵,
섹스엠티비닷컴,
섹스영상,
섹스영화,
섹스와레즈,
섹스왈,
섹스용품,
섹스월,
섹스월드,
섹스웰,
섹스인형,
섹스일기,
섹스자료실,
섹스자세,
섹스자진,
섹스잡지,
섹스재팬만화,
섹스정보,
섹스제이제이,
섹스제팬,
섹스제펜,
섹스조선,
섹스조아,
섹스조인,
섹스지존,
섹스짱,
섹스찌찌닷콤,
섹스채널,
섹스챗79,
섹스천사,
섹스천하,
섹스체위,
섹스촌,
섹스캠프,
섹스코러스,
섹스코리아21,
섹스코리아79,
섹스코리아DAMOIM,
섹스코리아MOLCA,
섹스코리아OK,
섹스코리아TV,
섹스코리아jp,
섹스코리아warez,
섹스코리아걸,
섹스코리아넷,
섹스코리아라이브,
섹스코리아무비,
섹스코리아성인엽기,
섹스코리아섹스섹스코리아,
섹스코리아소라가이드,
섹스코리아소라의가이드,
섹스코리아앤드섹스코리아,
섹스코리아엑스섹스코리아,
섹스코리아조선,
섹스코리아포르노,
섹스코리아하우스,
섹스코치,
섹스크림,
섹스클럽,
섹스킴,
섹스타임,
섹스타임69,
섹스테잎,
섹스테크닉,
섹스토이샵,
섹스토이코리아,
섹스투데이,
섹스트립,
섹스파일,
섹스파크,
섹스포르노,
섹스포르노molca,
섹스포르노샵,
섹스포르노트위스트김,
섹스포섹스티비,
섹스포유,
섹스포인트,
섹스포탈,
섹스프리덤,
섹스피아,
섹스하까,
섹스하네,
섹스하리,
섹스한국,
섹스해죠,
섹스헨타이,
섹스호빠,
섹스홀,
섹시,
섹시TV,
섹시wave,
섹시갤러리,
섹시걸,
섹시게이트,
섹시나라,
섹시나이트,
섹시누드,
섹시뉴스,
섹시맵,
섹시무비,
섹시사진,
섹시샵,
섹시성인용품,
섹시섹스코리아,
섹시스타,
섹시신문,
섹시씨엔엔,
섹시아이제이,
섹시에로닷컴,
섹시엔TV,
섹시엔몰,
섹시연예인,
섹시재팬,
섹시제팬,
섹시제펜,
섹시조선,
섹시존,
섹시짱,
섹시촌,
섹시코디,
섹시코리아,
섹시클럽,
섹시클릭,
섹시팅하자,
섹시팬티,
셀카,
셀프카메라,
소라가이드,
소라가이드-에로천국,
소라가이드TO,
소라가이드앤소라가이드,
소라가이드천사,
소라스가이드,
소라의MissTopic,
소라의가이드,
소라의섹스코리아가이드,
소라의야설공작소,
소라의프로포즈,
소라즈가이드,
쇼걸클럽,
쇼우망가,
쇼킹동영상,
쇼킹섹스,
쇼킹섹스코리아,
쇼킹에로,
숙모보지,
스타킹포유,
신마담,
실리콘하우스성인용품,
심야TV,
심한포르노,
싸죠,
싹쓰리닷컴,
쌕쌕이티비,
쌩molca,
쌩몰카,
쌩보지,
쌩보지쑈,
쌩쇼,
쌩쑈,
쌩포르노,
씨누드21,
아마걸포르노,
아색기가,
아이러브섹스,
아이러브에로스쿨,
아이섹스스타,
아이제이섹스,
아일러브섹스티비,
알몸,
애로,
애로영화,
애마부인,
애자매,
야게임,
야게임즈닷넷,
야겜,
야동게시판,
야설공작소,
야설신화,
야설의문,
야시,
야시25TV,
야시MTV,
야시molca,
야시걸,
야시꾸리,
야시네,
야시녀,
야시랭크,
야시룸,
야시시,
야시캠,
야시코리아,
야애니,
야오이,
야하네,
야하다,
야한거,
야한걸,
야한것,
야한게임,
야한그림,
야한놈,
야한놈SEX,
야한누드,
야한만화,
야한밤,
야한밤TV,
야한밤티브이,
야한소설,
야한쇼닷컴,
야한영화,
야한이야기,
야한클럽,
야해,
야해요,
어덜트10000,
어덜트TV,
어덜트라이프,
어덜트랜드,
어덜트섹시성인영화관,
어덜트존,
어덜트천사TV,
어덜트코믹플러스,
어덜트탑10,
어덜트피아,
에로2002,
에로2030,
에로69,
에로69TV,
에로79,
에로걸즈,
에로게이트,
에로게임,
에로관,
에로극장,
에로니폰,
에로닷컴,
에로당,
에로데이,
에로동,
에로동영상,
에로디비,
에로무비,
에로물,
에로뮤직비디오,
에로바다,
에로방티브,
에로배우,
에로비,
에로비디오,
에로비안나이트,
에로샵,
에로세일,
에로섹스TV,
에로소라가이드,
에로쇼,
에로스,
에로스TV,
에로스데이,
에로스아시아,
에로스재팬,
에로스코리아,
에로스쿨,
에로스타,
에로스타일,
에로스페셜,
에로스포유,
에로시네마,
에로시안닷컴,
에로시티,
에로씨네,
에로아시아,
에로앤섹스,
에로야,
에로에스,
에로엔조이,
에로영화,
에로영화관,
에로올,
에로와이프,
에로이브,
에로존,
에로주,
에로촬영현장,
에로카,
에로클릭,
에로투유,
에로틱코리아,
에로파크,
에로패티시,
에로팬티,
에로플래쉬,
에로필름,
엑스노브라,
엑스모텔,
엑스투어덜트,
엔터채널,
여성성인용품,
여성자위기구,
여자보지,
연인사이성인샵,
엽기에로,
엽기적인섹스,
오나니,
오럴섹스,
오렌지야동,
오마담,
오마이에로,
오마이포르노,
오빠아파,
오빠아파닷컴,
오빠아퍼,
오사카섹스,
오성인,
오섹스,
오섹스야,
오섹스테레비,
오예성인영화,
오이섹스,
오케이섹스,
오케이섹스TV,
오케이섹스molca포르노,
오케이섹스티비,
옷벗기기,
옷벗기기게임,
와우섹스,
왕가스,
용주골,
우라본섹스코리아,
울트라섹스제팬,
월드섹스,
웹섹스코리아,
유호필름,
은빛갤러리,
음모,
이반성인용품몰,
이섹스,
이승희,
인섹스69,
인터넷성인방송,
일본동영상,
일본망가,
일본미소녀,
일본뽀르노,
일본성인만화,
일본성인방송,
일본섹스,
일본포르노,
자위기구,
자위씬,
자위용품,
자위코리아,
자위행위,
재팬마나,
재팬만화,
재팬팬티,
정력강화용품,
정력팬티,
정력포탈,
정사씬모음,
정사채널,
정세희,
정양,
정우성인용품전문점,
제이제이일본성인만화,
졸라야한닷컴,
좋은생활성인용품,
진도희,
진주희,
찌찌,
채널레드TV,
체위,
체위동영상,
카섹스,
칼라섹스,
코리아성인가이드,
코리아섹스,
코리아섹스샵,
코리아스트립닷컴,
코리아엑스파일,
코리아포로노,
코리안걸스,
코섹스,
콘돔,
콘돔나라,
콘돔닥터,
콘돔몰,
콘돔예스,
콘돔피아,
쿠키걸,
쿨에로,
크림걸,
클럽AV스타,
클럽에로,
킬링티비,
타부코리아,
토탈에로,
투앤투동거클럽,
트위스트김,
트위스트김섹스코리아,
트위스트김소라가이드,
트위스트킴,
특수콘돔,
패션앤섹스,
패티쉬,
패티쉬우먼,
팬티캔디,
페로몬,
페티걸,
페티쉬러브,
페티쉬매거진,
페티쉬우먼,
페티쉬즘,
페티쉬코리아,
페티시,
펜트하우스,
포로노,
포르노24시,
포르노CINEMA,
포르노CNN,
포르노TV,
포르노bozi,
포르노molca티비,
포르노porno섹스코리아,
포르노worldcup,
포르노yadong,
포르노yadong섹스코리아,
포르노그라피,
포르노로,
포르노마나,
포르노만화,
포르노바다,
포르노사진,
포르노세상,
포르노섹스,
포르노섹스TV,
포르노섹스마나,
포르노섹스소라가이드,
포르노섹스코리아,
포르노섹스코리아소라가이드,
포르노섹스트위스트김,
포르노업,
포르노오팔팔,
포르노월드,
포르노집닷컴,
포르노천국,
포르노천사,
포르노테이프,
포르노테입,
포르노테잎,
포르노티비2580,
포르노파티,
포르노플레이보이,
포르로,
포카리섹스,
프리섹스샵,
프리섹스성인용품,
프리섹스코리아,
플래이보이,
플레이보이,
플레이보이2030,
플레이보이소라가이드,
플레이보이온라인,
플레이보조개,
플레이보지,
플레이섹스,
피임기구,
피임용품,
핑크누드샵,
핑크섹스샵,
핑크코리아,
하드코어,
하리수누드,
하이텔성인CLUB+19,
한글섹스사이트,
한글섹스코리아,
한스테이성인,
핫도그TV,
핫성인용품,
핫섹스,
핫섹스재팬,
핫섹스코리아,
핫포르노,
핫포르노섹스,
항문섹스,
"해적,야동",
해피데이21성인용품,
해피투섹스,
향기콘돔,
헤라러브샵,
헨타이망가,
헬로우콘돔,
헬프섹스,
홈섹스TV,
화이트섹스라인,
후이즈섹스,
훔쳐보기,
히든포르노,
세희네,
seheene,
세희네쩜넷,
무비왕,
av배우,
잠지만화,
야설소라의가이드,
섹시녀사진,
uh-oh.com,
여성자위시대,
www.uh-oh.com,
bubunara,
공짜성인싸이트,
빈야와레즈,
코섹스넷,
강추야동,
케이섹스,
옷벗기기게임자신있는,
x386,
k양비디오,
tprtm,
옆기성인동영상,
잠지털게임,
성인사이트메로나,
K양,
메로나섹스,
live10tv.com,
옷벗기기게임잡지,
도쿄마나,
www.sex2848.com,
게시판섹스,
소라의,
섹스존,
산소와레즈,
야한거벌끈벌끈,
섹시포유,
한국야동,
두두와레즈,
섹스망가,
야겜usa,
포노,
야한게임만남의장소,
조쟁이.잠지.키스,
잠지hentai,
여자옷벗기기게임,
센스디스,
센스디스무비,
하소연,
성현아누드,
성현아누드집,
에로키위,
은주조갯살,
빨간궁뎅이,
바부와레즈,
당근와레즈,
게임와레즈,
누드모델가능해,
성인메로나,
우기와레즈,
성현아누드사진,
꽃게와레즈,
클릭와레즈,
"메로나,성인",
야쿠르트와레즈,
오아시스걸,
스카이와레즈,
신마담와레즈,
럭키와레즈,
성인방송69채널,
야한놈엽기,
와레즈코리아,
우기의최강와레즈,
세희넷,
와레즈용,
와레즈79,
앙마와레즈,
스누피야동,
누드크로키,
59time,
공주야동,
와래즈$디아블로,
에로스토토,
블루와레즈,
www.live10tv.com,
키위와레즈,
영화와레즈,
www.sex012.com,
2040love,
성현아누두집,
심마담,
게시판아동,
광년이보지,
어두움와레즈,
샤먼와레즈,
섹시동영상성생활,
만두와레즈,
ya-han,
대박와레즈,
신마담pds,
69tv,
구멍야동,
worldsex.com,
최강와레즈,
게시판성현아,
sexy588,
몰카넷,
와레즈탑,
성현아누드갤러리,
야동자료실,
여고야동,
유민누드사진,
황수정야동,
게시판sex,
동거사이트,
게시판와레즈,
가시나와레즈,
어둠와레즈,
와레즈사이트,
와레즈게임,
해적와레즈,
퓨전와레즈,
유틸와레즈,
파랑새와레즈,
우기의와레즈,
꼬께와레즈,
미소녀사진,
확끈이와레즈,
쿨와레즈,
돼지와레즈,
브라운와레즈,
럭키월드와레즈,
무료와레즈,
참치와레즈,
와레즈타운,
메로나.co.kr,
메로나,
ㄴㄷㅌ,
원조tv,
빡촌,
울트라쏘세지,
울트라소세지,
목욕탕몰카,
은주조개살,
봉숙이,
live69tv,
오현경비디오,
warez,
오레즈,
오레즈와레즈,
졸라맨똥피하기게임다운로드,
짱와레즈,
짱와레즈닷컴,
h양비디오,
h양,
따무라,
무료포르노사이트,
야해요야동,
야시꾸리닷컴,
h양섹스비디오,
누드겔러리,
야덩,
미야리야동,
성인폰팅,
성인미팅,
성인번개,
성인만남,
성인전화,
성인벙개,
성인킹카,
성인퀸카,
졸라섹스,
재벌딸포르노,
재벌포르노,
딸포르노,
재벌딸동영상,
맛있는섹스,
맛있는섹스그리고사랑,
미씨촌,
권민중누드,
권민중누드집,
이브의욕망,
동거,
폰섹스,
전화방,
번개팅,
폰팅,
교제알선,
포르노사이트,
성인정보검색,
성인전용서비스,
따무라야동,
노팬티,
딜도,
마스터베이션,
망까,
머니헌터,
멜섭,
몰래,
바구리,
밤일,
빠걸,
빠라,
빠라줘,
빨간마후라,
빨강마후라,
빨기,
빨어,
빽보지,
뽀로노,
사까치,
색골,
성감대,
성생활,
세엑,
섹골,
섹도우즈,
섹무비,
섹보지,
섹소리,
섹티즌,
섹할,
쇼킹,
수타킹,
스트립쑈,
스쿨걸,
에니탑,
야껨,
야똥,
야섹,
영계,
유흥,
육봉,
재랄,
정사,
조루,
쫒,
패티시,
페팅,
펜티,
펨돔,
펨섭,
포르느,
핸타이,
헴타이,
혼음,
bdsm,
bo지,
bozi,
c2joy,
dildo,
haduri,
hardcore,
hentai,
IJ,
jaji,
jgirls,
kgirls,
nallari,
playbog,
porn,
1090tv,
2c8,
99bb,
민셩야설,
보짓,
빠순이,
빨아,
뻐킹,
수간,
쌕쉬,
쎄끈,
와래즈,
애널,
오럴,
윤간,
음욕,
음탕,
쪼가리,
호스트빠,
gangbang,
jfantasy,
jasal,
playbozi,
prno,
구멍,
난교,
도촬,
바이브레이터,
불륜,
뻐르너,
뻐르노,
뻘노,
뽀르너,
뽈노,
삽입,
색쓰,
섹쑤,
수음,
스너프,
스왑,
애액,
엑스터시,
야근병동,
음부,
이반,
젖,
최음제,
치마속,
패니스,
퍼르노,
포경,
포르너,
폰쎅,
히로뽕,
asiangirl,
ecstasy,
hidden,
oral,
penthouse,
porner,
suck,
swaping,
넣어줘,
무삭제원판,
퇴폐이발소,
무료성인소설,
스와핑모임,
부부교환섹스,
섹스나이트,
섹스경험담,
sora's,
봉숙이야동,
보지빨기,
여자옷벗기기,
캠빨,
김완선누드,
김완선누드집,
이혜영누드,
이혜영누드집,
이주현누드,
이주현누드집,
이주현nude,
김완선nude,
이혜영nude,
이지현누드,
이지현누드집,
지현누드집,
이지현누드사진,
이지현누드샘플,
화상폰팅,
티켓다방,
여자따먹기,
보지먹기,
보지따기,
포르노키위,
포르노배우,
성인포르노,
공짜포르노,
포르노스타,
한국포르노,
포르노비디오,
백지영포르노,
포르노자키,
슬림페티쉬,
무료페티쉬,
스타킹페티쉬,
무료성인게시판,
자위방법,
여자자위,
화장실몰카,
몰카동영상,
여고생몰카,
몰카리스트,
스와핑몰카,
이발소몰카,
몰카사진,
몰카사이트,
백지영몰카,
변태사진,
변태게임,
변태만화,
변태이야기,
변태섹스,
변태사이트,
아줌마보지,
아줌마섹스,
아줌마페티쉬,
아줌마야동,
보지자지,
자지빨기,
헤어누드,
남자누드,
연예인누드,
세미누드,
고소영누드,
셀프누드,
무료누드,
이효리누드,
이혜영누드사진,
누드동영상,
이헤영누드,
여자누드,
남성누드,
야설게시판,
소라야설,
무료성인야설,
소라의야설,
야설록,
공짜야설,
소라가이드야설,
소라의야설가이드,
소라야설공작소,
야한미소녀,
미아리야동,
빠구리야동,
무료섹스페티쉬,
함소원누드,
함소원,
함소원누드집,
함소원nude,
소원누드,
소원누드집,
함소원헤어누드,
함소원누드사진,
함소원누두,
함소원누드보기,
테마샵,
테마몰,
테마가게,
테마상점,
모바일몰,
모바일샵,
브랜드샵,
스타샵,
선물상점,
음반상점,
음악상점,
카페상점,
까페상점,
카패상점,
음반가게,
음반샵,
음반몰,
신고센터,
뮤직샵,
뮤직몰,
음악샵,
음악가게,
음악몰,
우수고객,
도우미,
고객센터,
고객센타,
고객샌터,
고객샌타,
할인쿠폰,
카페몰,
카페샵,
까페몰,
까페샵,
카패몰,
까패몰,
까패샵,
캐릭터몰,
캐릭터샵,
케릭터몰,
케릭터샵,
게임머니,
가게주인,
기프트샵,
기프트몰,
아이템샵,
아이템몰,
아바타샵,
아바타몰,
쾌스천맨,
쾌스천걸,
퀘스천맨,
퀘스천걸,
선물가게,
선물몰,
선물샵,
아바타,
주인장,
블로거,
블로깅,
불로거,
불로깅,
볼로거,
볼로깅,
볼르거,
볼르깅,
불르거,
불르깅,
블로그,
블르그,
불로그,
불르그,
볼로그,
볼르그,
네이버,
내이버,
관리자,
어드민,
엔에치엔,
엔에치앤,
엔애치앤,
엔애치엔,
앤에치엔,
앤에치앤,
앤애치앤,
앤애치엔,
엔에취엔,
엔에취앤,
엔애취엔,
앤에취엔,
앤에취앤,
앤애취앤,
앤애취엔,
페이퍼,
지식인,
쥬니버,
미즈클럽,
토크광장,
포토앨범,
마이홈,
엔메거진,
앤메거진,
엔매거진,
앤매거진,
미즈네,
키워드샵,
엔토이,
폴에버,
폴애버,
한게임,
한개임,
앤토이,
블로그씨,
매니저,
메니저,
매니져,
메니져,
스탭,
스텝,
10새끼,
10쎄끼,
10알,
10창,
10탱,
10탱아,
10팔,
10팔년,
10팔놈,
10팔연,
10할년,
10할연,
18넘,
18눔,
18늠,
18세끼,
18쉑끼,
18쎄리,
18쒜리,
18쒝끼,
18씨끼,
2c팔,
개눔,
개때꺄,
개때끼,
개또라이,
개부럴,
개불알,
개새꺄,
개새리,
개새야,
개색,
개색기,
개색꺄,
개색끼,
개색히,
개샥,
개세끼,
개섹,
개섺,
개셃,
개셋키,
개셐,
개소리,
개쇄끼,
개쇅,
개쇅갸,
개쇅기,
개쇅꺄,
개쇅끼,
개쇅캬,
개쇅키,
개쇗,
개쇗기,
개쇠리,
개쉐,
개쉐끼,
개쉐리,
개쉑,
개쉑갸,
개쉑기,
개쉑꺄,
개쉑끼,
개쉑이,
개쉑캬,
개쉑키,
개쉑히,
개쉢,
개쉨,
개쉬끼,
개싀끼,
개싘,
개시퀴,
개시키,
개십팔,
개싯끼,
개싯키,
개싴,
개쌍넘,
개쌍년,
개쌍놈,
개쌔,
개쌔꺄,
개쌔끼,
개쌕,
개쌕끼,
개썅넘,
개썅년,
개썅놈,
개썅늠,
개썅연,
개쎅,
개쐐리,
개쒜,
개쒜끼,
개쒜리,
개쒝,
개쒝갸,
개쒝기,
개쒝꺄,
개쒝끼,
개쒝키,
개쒯,
개쒸,
개쒹기,
개씌끼,
개씨끼,
개씨팕,
개씹,
개씹창,
개씹팔,
개자슥,
개자싁,
개젓,
개젖,
개졋,
개졎,
개조또,
개조옷,
개족,
개후레,
개후장,
겁탈,
게넘,
게년,
게놈,
게뇬,
게뇽,
게눔,
게새리,
게색,
게색기,
게색끼,
게세,
게세꺄,
게섹,
게쉐,
게쉐이,
게시끼,
게시퀴,
공짜버그,
공짜캐쉬,
그지새끼,
그지좃밥,
그지좃빱,
그지좆밥,
근친,
기엉아,
기형아,
꼴려,
꼴리는,
꼴리다,
넣게벌려,
넣고싸고,
네에미,
년놈,
니미롤,
니미를,
니보지,
니어미,
니에비,
니좆,
대딸,
떡칠녀,
룸섹스,
매춘,
매춘부,
몸안에사정,
몸캠,
몸켐,
몸파는,
뮈칀세끼,
뮈칀세리,
뮈칀섹끼,
뮈친,
뮈친세리,
뮈친섹끼,
뮈친섹이,
미췬,
미췬년,
미췬세끼,
미췬쉐리,
미친,
미친세리,
미친섹이,
미친자식,
미틘,
미틩,
미틴뇬,
밑구녕,
밑구녕빨기,
박고싶다,
박고싶퍼,
박아줄게,
박아줄께,
박을께,
박을년,
뱅쉰,
뱅싄,
뱅신,
뱡신,
버즤,
버지,
버지물,
번쎅,
벙어리,
벼엉신,
변섹,
변퇴,
병쉰,
병싀,
병싄,
병씬,
보오지,
보즤,
보지걸,
보지구녕,
보지구멍,
보지당,
보지물,
보짓년,
보짖물,
보G,
뵤즤,
뵤지,
뵨태,
뵹딱,
뵹싄,
뵹신,
부카케,
붕딱,
붕딲,
붕뛴,
붕싄,
붕시나,
붕신,
붱신,
뷍슨,
뷍싄,
뷍신,
뷩쉬,
뷩쉰,
뷩싄,
뷩신,
뷰웅신,
븅딱,
븅싄,
븅시,
븅아,
브랄,
블알,
븡딱,
븡쉰,
븡신,
븽딱,
븽쉬,
븽슨,
븽싄,
븽시,
븽신,
비잉신,
빙딱,
빙쉬,
빙쉰,
빙싀,
빙싄,
빙시,
빠도리,
빠돌이,
빠라조,
빠러,
빠수니,
빠큐,
빡돌,
빡큐,
빨어핥어박어,
빨자좃,
빨자좆,
빽자지,
뺑신,
뺑쒼,
뺑씬,
뺘큐,
뻐어큐,
뻐큐,
뽀개,
뽀르나,
뽀쥐,
뽀쮜,
뿅신,
뿅씬,
뿡알,
쁑신,
삐꾸,
삥쉰,
삥쒼,
삥씬,
사카시,
사카치,
삽쥘,
삿가시,
삿까시,
삿깟시,
상노무,
상놈,
새끠,
새뤼,
새에끼,
새키,
새X,
색걸,
색광,
색기,
색꺄,
색마,
색쑤,
색캬,
색할,
색햐,
색히,
샊꺄,
샤불년,
샤앙년,
샵년,
샹넘,
샹년,
샹놈,
샹늠,
성관계,
성매매,
성섹스,
성욕구,
성체험,
성추행,
성충동,
성폭력,
세게빨아,
세뀌,
세끠,
세액스,
세에끼,
세에쓰,
세퀴,
세키,
섹남,
섹수,
섹슈,
섹파트너,
섹하자,
섹하장,
섹해,
섹s,
쉑수,
쉑스,
쉑쑤,
쉑캬,
스트립쇼,
스펄,
십넘,
십녀,
십놈,
십때꺄,
십밸,
십새꺄,
십새끼,
십새캬,
십새키,
십색,
십색꺄,
십색끼,
십색히,
십세,
십세끼,
십쇄리,
십쉐리,
십쉐이,
십쉑,
십쉑히,
십시끼,
십쌔,
십쌔꺄,
십쎄끼,
십씨키,
십알,
십질,
십팔,
십팔년,
십팔련,
십팔연,
십할,
십할련,
싯끼,
싯빨,
싯팔,
싲팔,
싴팔,
싵팔,
싶알,
싶팔,
싸발년,
싸앙넘,
싸앙녀,
싸앙년,
싸줄께,
싹년,
쌉년,
쌍넌,
쌍념,
쌍노무,
쌍놈아,
쌍뇨나,
쌍뇬,
쌍뇸,
쌍뇽,
쌍뉸,
쌍연,
쌔꺄,
쌔캬,
쌔키,
쌕,
쌕갸,
쌕걸,
쌕꺄,
쌕수,
쌕쑤,
쌰앙넘,
쌰앙녀,
쌰앙년,
쌰앙눔,
쌰앙뉸,
썁색,
썅넌,
썅녀,
썅연,
썩을년,
쓰글넘,
쓰글년,
쓰글놈,
쓰글늠,
쓰발,
쓰발넘,
쓰벌,
쓰불,
쓰뷀,
쓰블,
씨댕,
씨댕년,
씨뎅,
씨바라,
씨박,
씨발놈아,
씨뱔,
씨벧,
씨벨년,
씨벵,
씨봉,
씨봉알,
씨불년,
씨불얼,
씨뷀,
씨브,
씨앙년,
씨양년,
씨이바,
씨이방,
씨이밸,
씨이빨,
씨입년,
씨입뇬,
씨팏,
씨팔년,
씹8,
씹넘,
씹놈,
씹뇬,
씹딱꿍,
씹때꺄,
씹때끼,
씹떼,
씹떼끼,
씹밸,
씹벌,
씹보지년,
씹블,
씹빡,
씹빨,
씹뻘,
씹새꺄,
씹새캬,
씹새키,
씹색꺄,
씹색끼,
씹색히,
씹샛길,
씹생알,
씹세끼,
씹쉐리,
씹쉑,
씹쉑히,
씹쌔꺄,
씹쌔키,
씹쎄,
씹쎄끼,
씹쒜,
씹씨키,
씹알,
씹연,
씹질,
씹팔년,
씹팔련,
씹팔연,
씹풀,
씹할련,
씹할연,
씻끼,
씻발,
씻벌,
씻뻘,
씻퐁,
씾팔,
앂년,
앂팔,
아이템매니아,
아이템메니아,
아이템베이,
안에사정,
알몸공개,
알몸사진,
알몸쇼,
앰병,
앰창,
야녀,
에믜,
엿먹,
엿먹어,
옘병,
옹녀,
왕보지,
우라질,
원조알바,
월경,
육시랄,
육시럴,
윤락,
음경,
음담패설,
음순,
음액,
입사후장,
입안사정,
자위남,
자위녀,
잡뇬,
젓까는,
젓나게,
젓마난,
젓만한,
젓빠지게,
정박아,
정자,
젖가튼,
젖까는,
젖나게,
젖도,
젖마난,
젖만한,
젖물,
젖빠지게,
젖통,
조가틍,
조까는,
조까라,
조까튼,
조낸,
조빠라,
조빠지게,
조빱,
조옷나,
조질래,
조카툰,
조털,
족가튼,
좃가튼,
좃같은,
좃까는,
좃까라,
좃밥,
좃빠지게,
좄까,
좆구녕,
좆까는,
좆대가리,
좇까,
죳,
죶,
죶가튼,
죶빠지게,
짬지,
창녀촌,
창뇨,
창뇬,
챵녀,
챵년,
챵뇬,
처녀막,
카섹,
캐세끼,
캐쉬버그,
캐시버그,
큰자지,
폰세엑,
폰쉑,
프리섹스,
한번꽂자,
한번주께,
한번줄래,
핥아주께,
핧아줄께,
함대주까,
함대줄래,
함빨자,
항문,
허벌,
허벌창,
호로년,
호로새리,
호로색,
호로색끼,
호모섹기,
호모쎄끼,
화냥,
화냥년,
화류,
화양년,
후레자식,
후장입사,
ac발,
x대가리,
